gene,position,ref,alt,label
HBB,5,A,T,1
HBB,2,T,A,1
CFTR,4,T,-,1
BRCA1,10,A,G,1
PAH,5,G,A,1
HEXA,3,T,-,1
HBB,3,G,G,0
CFTR,6,G,G,0
BRCA1,8,T,T,0
PAH,2,C,C,0
HEXA,5,A,A,0
HBB,6,C,T,1
HBB,7,G,A,1
CFTR,5,T,C,1
BRCA1,9,A,T,1
PAH,6,G,T,1
HEXA,4,C,G,1
HBB,8,T,T,0
CFTR,3,A,A,0
BRCA1,7,G,G,0
PAH,4,T,T,0
HEXA,2,G,G,0
HBB,9,A,G,1
CFTR,7,C,T,1
BRCA1,6,T,A,1
PAH,7,A,G,1
HEXA,6,T,C,1
HBB,10,G,G,0
CFTR,8,A,A,0
BRCA1,5,C,C,0
PAH,3,G,G,0
HEXA,1,T,T,0
HBB,4,A,C,1
CFTR,2,G,T,1
BRCA1,4,T,G,1
PAH,8,C,A,1
HEXA,7,G,A,1
HBB,1,A,A,0
CFTR,9,T,T,0
BRCA1,3,A,A,0
PAH,1,G,G,0
HEXA,8,C,C,0
HBB,11,T,G,1
CFTR,10,A,C,1
BRCA1,2,G,T,1
PAH,9,T,C,1
HEXA,9,A,T,1
HBB,12,C,C,0
CFTR,11,G,G,0
BRCA1,1,T,T,0
PAH,10,A,A,0
HEXA,10,G,G,0
HBB,13,A,T,1
CFTR,12,T,C,1
BRCA1,11,C,G,1
PAH,11,G,A,1
HEXA,11,T,G,1
HBB,14,G,G,0
CFTR,13,A,A,0
BRCA1,12,T,T,0
PAH,12,C,C,0
HEXA,12,A,A,0
HBB,15,T,A,1
CFTR,14,G,C,1
BRCA1,13,A,T,1
PAH,13,G,T,1
HEXA,13,C,G,1
HBB,16,A,A,0
CFTR,15,T,T,0
BRCA1,14,G,G,0
PAH,14,T,T,0
HEXA,14,G,G,0
HBB,17,C,T,1
CFTR,16,A,G,1
BRCA1,15,T,A,1
PAH,15,A,C,1
HEXA,15,T,C,1
HBB,18,G,G,0
CFTR,17,C,C,0
BRCA1,16,A,A,0
PAH,16,G,G,0
HEXA,16,T,T,0
HBB,19,T,C,1
CFTR,18,G,A,1
BRCA1,17,C,T,1
PAH,17,T,G,1
HEXA,17,A,G,1
HBB,20,A,A,0
CFTR,19,T,T,0
BRCA1,18,G,G,0
PAH,18,C,C,0
HEXA,18,G,G,0
